Faces/s2/1.pgm;1
Faces/s2/2.pgm;1
Faces/s2/3.pgm;1
Faces/s2/4.pgm;1
Faces/s2/5.pgm;1
Faces/s2/6.pgm;1
Faces/s2/7.pgm;1
Faces/s2/8.pgm;1
Faces/s2/9.pgm;1
Faces/s2/10.pgm;1
Faces/s3/1.pgm;2
Faces/s3/2.pgm;2
Faces/s3/3.pgm;2
Faces/s3/4.pgm;2
Faces/s3/5.pgm;2
Faces/s3/6.pgm;2
Faces/s3/7.pgm;2
Faces/s3/8.pgm;2
Faces/s3/9.pgm;2
Faces/s3/10.pgm;2
Faces/s4/1.pgm;3
Faces/s4/2.pgm;3
Faces/s4/3.pgm;3
Faces/s4/4.pgm;3
Faces/s4/5.pgm;3
Faces/s4/6.pgm;3
Faces/s4/7.pgm;3
Faces/s4/8.pgm;3
Faces/s4/9.pgm;3
Faces/s4/10.pgm;3
Faces/s5/1.pgm;4
Faces/s5/2.pgm;4
Faces/s5/3.pgm;4
Faces/s5/4.pgm;4
Faces/s5/5.pgm;4
Faces/s5/6.pgm;4
Faces/s5/7.pgm;4
Faces/s5/8.pgm;4
Faces/s5/9.pgm;4
Faces/s5/10.pgm;4
Faces/s6/1.pgm;5
Faces/s6/2.pgm;5
Faces/s6/3.pgm;5
Faces/s6/4.pgm;5
Faces/s6/5.pgm;5
Faces/s6/6.pgm;5
Faces/s6/7.pgm;5
Faces/s6/8.pgm;5
Faces/s6/9.pgm;5
Faces/s6/10.pgm;5
Faces/s7/1.pgm;6
Faces/s7/2.pgm;6
Faces/s7/3.pgm;6
Faces/s7/4.pgm;6
Faces/s7/5.pgm;6
Faces/s7/6.pgm;6
Faces/s7/7.pgm;6
Faces/s7/8.pgm;6
Faces/s7/9.pgm;6
Faces/s7/10.pgm;6
Faces/s8/1.pgm;7
Faces/s8/2.pgm;7
Faces/s8/3.pgm;7
Faces/s8/4.pgm;7
Faces/s8/5.pgm;7
Faces/s8/6.pgm;7
Faces/s8/7.pgm;7
Faces/s8/8.pgm;7
Faces/s8/9.pgm;7
Faces/s8/10.pgm;7
Faces/s1/1.pgm;8
Faces/s1/2.pgm;8
Faces/s1/3.pgm;8
Faces/s1/4.pgm;8
Faces/s1/5.pgm;8
Faces/s1/6.pgm;8
Faces/s1/7.pgm;8
Faces/s1/8.pgm;8
Faces/s1/9.pgm;8
Faces/s1/10.pgm;8
